{
  "dashboard_counts": {
    "VC201": {
      "all": 14,
      "active": 1
    },
    "VC202": {
      "all": 14,
      "active": 2
    },
    "VC203": {
      "all": 15,
      "active": 15
    },
    "VCL001": {
      "all": 2,
      "active": 2
    },
    "VCL002": {
      "all": 2,
      "active": 2
    },
    "VC206": {
      "all": 18,
      "active": 11
    },
    "VC207": {
      "all": 27,
      "active": 25
    },
    "VC209": {
      "all": 26,
      "active": 25
    },
    "VC210": {
      "all": 23,
      "active": 2
    },
    "VC211": {
      "all": 23,
      "active": 1
    },
    "VC215": {
      "all": 21,
      "active": 19
    }
  },
  "dashboard": {
    "VC201": {
      "commit_all": 372237.5,
      "shares_all": 12408.0,
      "units_all": 12408.0,
      "spread_all": 24816.0,
      "subfee_all": 11512.5,
      "bd_all": 0.0,
      "finra_all": 0.0,
      "intro_inv_all": 0.0,
      "intro_spread_all": 0.0,
      "commit_active": 372237.5,
      "shares_active": 12408.0,
      "units_active": 12408.0,
      "spread_active": 24816.0,
      "subfee_active": 11512.5,
      "bd_active": 0.0,
      "finra_active": 0.0,
      "intro_inv_active": 0.0,
      "intro_spread_active": 0.0
    },
    "VC202": {
      "commit_all": 14999751.16,
      "shares_all": 12874.0,
      "units_all": 12874.0,
      "spread_all": 3858224.0799999996,
      "subfee_all": 324993.779,
      "bd_all": 0.0,
      "finra_all": 0.0,
      "intro_inv_all": 105000.00423,
      "intro_spread_all": 0.0,
      "commit_active": 14999751.16,
      "shares_active": 12874.0,
      "units_active": 12874.0,
      "spread_active": 3858224.0799999996,
      "subfee_active": 324993.779,
      "bd_active": 0.0,
      "finra_active": 0.0,
      "intro_inv_active": 105000.00423,
      "intro_spread_active": 0.0
    },
    "VC203": {
      "commit_all": 12599604.98,
      "shares_all": 318356.0,
      "units_all": 318356.0,
      "spread_all": 1667042.03,
      "subfee_all": 75235.27,
      "bd_all": 0.0,
      "finra_all": 247330.97000000003,
      "intro_inv_all": 320673.26,
      "intro_spread_all": 0.0,
      "commit_active": 12599604.98,
      "shares_active": 318356.0,
      "units_active": 318356.0,
      "spread_active": 1667042.03,
      "subfee_active": 75235.27,
      "bd_active": 0.0,
      "finra_active": 247330.97000000003,
      "intro_inv_active": 320673.26,
      "intro_spread_active": 0.0
    },
    "VCL001": {
      "commit_all": 10838043.36,
      "shares_all": 249552.0,
      "units_all": 249552.0,
      "spread_all": 2268427.6799999997,
      "subfee_all": 0.0,
      "bd_all": 0.0,
      "finra_all": 153474.47999999998,
      "intro_inv_all": 108380.4336,
      "intro_spread_all": 0.0,
      "commit_active": 10838043.36,
      "shares_active": 249552.0,
      "units_active": 249552.0,
      "spread_active": 2268427.6799999997,
      "subfee_active": 0.0,
      "bd_active": 0.0,
      "finra_active": 153474.47999999998,
      "intro_inv_active": 108380.4336,
      "intro_spread_active": 0.0
    },
    "VCL002": {
      "commit_all": 2198860.9,
      "shares_all": 50630.0,
      "units_all": 50630.0,
      "spread_all": 347828.1,
      "subfee_all": 0.0,
      "bd_all": 0.0,
      "finra_all": 0.0,
      "intro_inv_all": 21988.609,
      "intro_spread_all": 0.0,
      "commit_active": 2198860.9,
      "shares_active": 50630.0,
      "units_active": 50630.0,
      "spread_active": 347828.1,
      "subfee_active": 0.0,
      "bd_active": 0.0,
      "finra_active": 0.0,
      "intro_inv_active": 21988.609,
      "intro_spread_active": 0.0
    },
    "VC206": {
      "commit_all": 29070562.5,
      "shares_all": 70961.0,
      "units_all": 29052.0,
      "spread_all": 2048061.5,
      "subfee_all": 116680.575,
      "bd_all": 2500.0,
      "finra_all": 0.0,
      "intro_inv_all": 473766.5375,
      "intro_spread_all": 0.0,
      "commit_active": 14305532.5,
      "shares_active": 29052.0,
      "units_active": 29052.0,
      "spread_active": 1651768.5,
      "subfee_active": 116680.575,
      "bd_active": 2500.0,
      "finra_active": 0.0,
      "intro_inv_active": 62960.2875,
      "intro_spread_active": 0.0
    },
    "VC207": {
      "commit_all": 12210820.0,
      "shares_all": 28001.0,
      "units_all": 28001.0,
      "spread_all": 859049.0,
      "subfee_all": 169996.2,
      "bd_all": 5008.75,
      "finra_all": 0.0,
      "intro_inv_all": 141932.09999999998,
      "intro_spread_all": 0.0,
      "commit_active": 12210820.0,
      "shares_active": 28001.0,
      "units_active": 28001.0,
      "spread_active": 859049.0,
      "subfee_active": 169996.2,
      "bd_active": 5008.75,
      "finra_active": 0.0,
      "intro_inv_active": 141932.09999999998,
      "intro_spread_active": 0.0
    },
    "VC209": {
      "commit_all": 39499896.0,
      "shares_all": 814734.0,
      "units_all": 814734.0,
      "spread_all": 8079471.1565000005,
      "subfee_all": 80266.66,
      "bd_all": 0.0,
      "finra_all": 0.0,
      "intro_inv_all": 704343.97,
      "intro_spread_all": 0.0,
      "commit_active": 39499896.0,
      "shares_active": 814734.0,
      "units_active": 814734.0,
      "spread_active": 8079471.1565000005,
      "subfee_active": 80266.66,
      "bd_active": 0.0,
      "finra_active": 0.0,
      "intro_inv_active": 704343.97,
      "intro_spread_active": 0.0
    },
    "VC210": {
      "commit_all": 45000.0,
      "shares_all": 226.0,
      "units_all": 226.0,
      "spread_all": 3164.0,
      "subfee_all": 1350.0,
      "bd_all": 0.0,
      "finra_all": 0.0,
      "intro_inv_all": 3838.9999996,
      "intro_spread_all": 0.0,
      "commit_active": 45000.0,
      "shares_active": 226.0,
      "units_active": 226.0,
      "spread_active": 3164.0,
      "subfee_active": 1350.0,
      "bd_active": 0.0,
      "finra_active": 0.0,
      "intro_inv_active": 3838.9999996,
      "intro_spread_active": 0.0
    },
    "VC211": {
      "commit_all": 315000.0,
      "shares_all": 1529.0,
      "units_all": 1529.0,
      "spread_all": 16666.1,
      "subfee_all": 9450.0,
      "bd_all": 0.0,
      "finra_all": 0.0,
      "intro_inv_all": 3622.5,
      "intro_spread_all": 0.0,
      "commit_active": 315000.0,
      "shares_active": 1529.0,
      "units_active": 1529.0,
      "spread_active": 16666.1,
      "subfee_active": 9450.0,
      "bd_active": 0.0,
      "finra_active": 0.0,
      "intro_inv_active": 3622.5,
      "intro_spread_active": 0.0
    },
    "VC215": {
      "commit_all": 15032122.0,
      "shares_all": 85600.0,
      "units_all": 80000.0,
      "spread_all": 2191716.76,
      "subfee_all": 381503.5,
      "bd_all": 25606.8,
      "finra_all": 0.0,
      "intro_inv_all": 833678.32,
      "intro_spread_all": 25654.80021,
      "commit_active": 15032122.0,
      "shares_active": 85600.0,
      "units_active": 80000.0,
      "spread_active": 2191716.76,
      "subfee_active": 381503.5,
      "bd_active": 25606.8,
      "finra_active": 0.0,
      "intro_inv_active": 833678.32,
      "intro_spread_active": 25654.80021
    }
  },
  "file_counts": {
    "VC201": 1,
    "VC202": 2,
    "VC203": 15,
    "VC206": 11,
    "VC207": 25,
    "VC209": 25,
    "VC210": 2,
    "VC211": 1,
    "VC215": 19,
    "VCL001": 2,
    "VCL002": 2
  },
  "file": {
    "VC201": {
      "commit_active": 372237.5,
      "funded_active": 372237.5,
      "shares_active": 12408.0,
      "units_active": 12408.0,
      "spread_active": 24816.0,
      "subfee_active": 11512.5,
      "bd_active": 0.0,
      "finra_active": 0.0,
      "intro_inv_active": 0.0,
      "intro_spread_active": 0.0
    },
    "VC202": {
      "commit_active": 14999751.16,
      "funded_active": 14999751.16,
      "shares_active": 12874.0,
      "units_active": 12874.0,
      "spread_active": 3858224.0799999996,
      "subfee_active": 324993.779,
      "bd_active": 0.0,
      "finra_active": 0.0,
      "intro_inv_active": 105000.0,
      "intro_spread_active": 0.0
    },